config,input,snr_dB,quantity,value_bps_hz,stderr_bps_hz
(8,2,16,2),USTM,-10.0,R_genie,0.61220,0.00360
(8,2,16,2),USTM,-10.0,GMI_svd,0.21314,0.00222
(8,2,16,2),USTM,-10.0,C_coh,1.44615,0.00371
(8,2,16,2),USTM,-10.0,I_U_given_X,0.85972,0.00507
(8,2,16,2),USTM,-8.0,R_genie,0.97012,0.00447
(8,2,16,2),USTM,-8.0,GMI_svd,0.42352,0.00341
(8,2,16,2),USTM,-8.0,C_coh,1.96931,0.00461
(8,2,16,2),USTM,-8.0,I_U_given_X,1.42949,0.00670
(8,2,16,2),USTM,-6.0,R_genie,1.43127,0.00540
(8,2,16,2),USTM,-6.0,GMI_svd,0.76233,0.00414
(8,2,16,2),USTM,-6.0,C_coh,2.59850,0.00560
(8,2,16,2),USTM,-6.0,I_U_given_X,2.19914,0.00836
(8,2,16,2),USTM,-4.0,R_genie,1.97711,0.00620
(8,2,16,2),USTM,-4.0,GMI_svd,1.21169,0.00570
(8,2,16,2),USTM,-4.0,C_coh,3.32280,0.00661
(8,2,16,2),USTM,-4.0,I_U_given_X,3.17335,0.01013
(8,2,16,2),USTM,-2.0,R_genie,2.60469,0.00707
(8,2,16,2),USTM,-2.0,GMI_svd,1.80310,0.00670
(8,2,16,2),USTM,-2.0,C_coh,4.15802,0.00765
(8,2,16,2),USTM,-2.0,I_U_given_X,4.35157,0.01203
(8,2,16,2),USTM,0.0,R_genie,3.28921,0.00787
(8,2,16,2),USTM,0.0,GMI_svd,2.48118,0.00767
(8,2,16,2),USTM,0.0,C_coh,5.06369,0.00876
(8,2,16,2),USTM,0.0,I_U_given_X,5.69871,0.01396
(8,2,16,2),USTM,2.0,R_genie,4.08384,0.00863
(8,2,16,2),USTM,2.0,GMI_svd,3.33160,0.00957
(8,2,16,2),USTM,2.0,C_coh,6.08227,0.00973
(8,2,16,2),USTM,2.0,I_U_given_X,7.28280,0.01576
(8,2,16,2),USTM,4.0,R_genie,4.89146,0.00936
(8,2,16,2),USTM,4.0,GMI_svd,4.21338,0.01031
(8,2,16,2),USTM,4.0,C_coh,7.14294,0.01072
(8,2,16,2),USTM,4.0,I_U_given_X,8.97496,0.01764
(8,2,16,2),USTM,6.0,R_genie,5.76162,0.00990
(8,2,16,2),USTM,6.0,GMI_svd,5.19127,0.01193
(8,2,16,2),USTM,6.0,C_coh,8.28346,0.01159
(8,2,16,2),USTM,6.0,I_U_given_X,10.82625,0.01930
(8,2,16,2),USTM,8.0,R_genie,6.68407,0.01048
(8,2,16,2),USTM,8.0,GMI_svd,6.21854,0.01212
(8,2,16,2),USTM,8.0,C_coh,9.48615,0.01238
(8,2,16,2),USTM,8.0,I_U_given_X,12.80263,0.02089
(8,2,16,2),USTM,10.0,R_genie,7.61072,0.01088
(8,2,16,2),USTM,10.0,GMI_svd,7.25775,0.01331
(8,2,16,2),USTM,10.0,C_coh,10.71416,0.01301
(8,2,16,2),USTM,10.0,I_U_given_X,14.86247,0.02225
(8,2,16,2),USTM,12.0,R_genie,8.54316,0.01127
(8,2,16,2),USTM,12.0,GMI_svd,8.27476,0.01325
(8,2,16,2),USTM,12.0,C_coh,11.94458,0.01362
(8,2,16,2),USTM,12.0,I_U_given_X,16.95359,0.02354
(8,2,16,2),USTM,14.0,R_genie,9.48731,0.01137
(8,2,16,2),USTM,14.0,GMI_svd,9.28766,0.01279
(8,2,16,2),USTM,14.0,C_coh,13.20368,0.01387
(8,2,16,2),USTM,14.0,I_U_given_X,19.09914,0.02424
(8,2,16,2),USTM,16.0,R_genie,10.46534,0.01173
(8,2,16,2),USTM,16.0,GMI_svd,10.30989,0.01371
(8,2,16,2),USTM,16.0,C_coh,14.48873,0.01432
(8,2,16,2),USTM,16.0,I_U_given_X,21.33014,0.02522
(8,2,16,2),USTM,18.0,R_genie,11.45186,0.01193
(8,2,16,2),USTM,18.0,GMI_svd,11.34867,0.01337
(8,2,16,2),USTM,18.0,C_coh,15.79733,0.01467
(8,2,16,2),USTM,18.0,I_U_given_X,23.58896,0.02592
(8,2,16,2),USTM,20.0,R_genie,12.43024,0.01196
(8,2,16,2),USTM,20.0,GMI_svd,12.36177,0.01299
(8,2,16,2),USTM,20.0,C_coh,17.10319,0.01468
(8,2,16,2),USTM,20.0,I_U_given_X,25.85778,0.02622
(8,2,16,2),K=64,-10.0,I_genie,0.47134,0.00482
(8,2,16,2),K=64,-10.0,I_struct,0.23696,0.00457
(8,2,16,2),K=64,-10.0,GMI_svd,0.20024,0.00441
(8,2,16,2),K=64,-10.0,GMI_glrt,0.21820,0.00419
(8,2,16,2),K=64,-10.0,I_iid,0.23387,0.00422
(8,2,16,2),K=64,-10.0,SER_genie,0.41750,
(8,2,16,2),K=64,-10.0,SER_struct,0.70475,
(8,2,16,2),K=64,-10.0,SER_svd,0.73675,
(8,2,16,2),K=64,-10.0,SER_glrt,0.72475,
(8,2,16,2),K=64,-10.0,SER_iid,0.73475,
(8,2,16,2),K=64,-8.0,I_genie,0.60560,0.00392
(8,2,16,2),K=64,-8.0,I_struct,0.40427,0.00512
(8,2,16,2),K=64,-8.0,GMI_svd,0.35521,0.00556
(8,2,16,2),K=64,-8.0,GMI_glrt,0.37728,0.00522
(8,2,16,2),K=64,-8.0,I_iid,0.44457,0.00478
(8,2,16,2),K=64,-8.0,SER_genie,0.22900,
(8,2,16,2),K=64,-8.0,SER_struct,0.49325,
(8,2,16,2),K=64,-8.0,SER_svd,0.55375,
(8,2,16,2),K=64,-8.0,SER_glrt,0.52800,
(8,2,16,2),K=64,-8.0,SER_iid,0.45375,
(8,2,16,2),K=64,-6.0,I_genie,0.69066,0.00272
(8,2,16,2),K=64,-6.0,I_struct,0.56626,0.00443
(8,2,16,2),K=64,-6.0,GMI_svd,0.52558,0.00469
(8,2,16,2),K=64,-6.0,GMI_glrt,0.54498,0.00441
(8,2,16,2),K=64,-6.0,I_iid,0.64445,0.00331
(8,2,16,2),K=64,-6.0,SER_genie,0.09325,
(8,2,16,2),K=64,-6.0,SER_struct,0.27550,
(8,2,16,2),K=64,-6.0,SER_svd,0.33125,
(8,2,16,2),K=64,-6.0,SER_glrt,0.29850,
(8,2,16,2),K=64,-6.0,SER_iid,0.17275,
(8,2,16,2),K=64,-4.0,I_genie,0.73035,0.00159
(8,2,16,2),K=64,-4.0,I_struct,0.67519,0.00309
(8,2,16,2),K=64,-4.0,GMI_svd,0.65027,0.00335
(8,2,16,2),K=64,-4.0,GMI_glrt,0.66119,0.00351
(8,2,16,2),K=64,-4.0,I_iid,0.73522,0.00132
(8,2,16,2),K=64,-4.0,SER_genie,0.03250,
(8,2,16,2),K=64,-4.0,SER_struct,0.11150,
(8,2,16,2),K=64,-4.0,SER_svd,0.15000,
(8,2,16,2),K=64,-4.0,SER_glrt,0.13350,
(8,2,16,2),K=64,-4.0,SER_iid,0.02500,
(8,2,16,2),K=64,-2.0,I_genie,0.74493,0.00071
(8,2,16,2),K=64,-2.0,I_struct,0.72735,0.00167
(8,2,16,2),K=64,-2.0,GMI_svd,0.71679,0.00215
(8,2,16,2),K=64,-2.0,GMI_glrt,0.72193,0.00186
(8,2,16,2),K=64,-2.0,I_iid,0.74960,0.00014
(8,2,16,2),K=64,-2.0,SER_genie,0.01000,
(8,2,16,2),K=64,-2.0,SER_struct,0.03750,
(8,2,16,2),K=64,-2.0,SER_svd,0.05350,
(8,2,16,2),K=64,-2.0,SER_glrt,0.04625,
(8,2,16,2),K=64,-2.0,SER_iid,0.00050,
(8,2,16,2),K=64,0.0,I_genie,0.74861,0.00041
(8,2,16,2),K=64,0.0,I_struct,0.74377,0.00085
(8,2,16,2),K=64,0.0,GMI_svd,0.74005,0.00113
(8,2,16,2),K=64,0.0,GMI_glrt,0.74174,0.00103
(8,2,16,2),K=64,0.0,I_iid,0.75000,0.00000
(8,2,16,2),K=64,0.0,SER_genie,0.00225,
(8,2,16,2),K=64,0.0,SER_struct,0.01075,
(8,2,16,2),K=64,0.0,SER_svd,0.01700,
(8,2,16,2),K=64,0.0,SER_glrt,0.01375,
(8,2,16,2),K=64,0.0,SER_iid,0.00000,
(8,2,16,2),K=64,2.0,I_genie,0.74973,0.00015
(8,2,16,2),K=64,2.0,I_struct,0.74864,0.00048
(8,2,16,2),K=64,2.0,GMI_svd,0.74748,0.00064
(8,2,16,2),K=64,2.0,GMI_glrt,0.74790,0.00056
(8,2,16,2),K=64,2.0,I_iid,0.75000,0.00000
(8,2,16,2),K=64,2.0,SER_genie,0.00050,
(8,2,16,2),K=64,2.0,SER_struct,0.00225,
(8,2,16,2),K=64,2.0,SER_svd,0.00350,
(8,2,16,2),K=64,2.0,SER_glrt,0.00325,
(8,2,16,2),K=64,2.0,SER_iid,0.00000,
(8,2,16,2),K=64,4.0,I_genie,0.75000,0.00000
(8,2,16,2),K=64,4.0,I_struct,0.74985,0.00008
(8,2,16,2),K=64,4.0,GMI_svd,0.74994,0.00006
(8,2,16,2),K=64,4.0,GMI_glrt,0.74978,0.00012
(8,2,16,2),K=64,4.0,I_iid,0.75000,0.00000
(8,2,16,2),K=64,4.0,SER_genie,0.00000,
(8,2,16,2),K=64,4.0,SER_struct,0.00050,
(8,2,16,2),K=64,4.0,SER_svd,0.00025,
(8,2,16,2),K=64,4.0,SER_glrt,0.00050,
(8,2,16,2),K=64,4.0,SER_iid,0.00000,
(8,2,16,2),K=64,6.0,I_genie,0.75000,0.00000
(8,2,16,2),K=64,6.0,I_struct,0.74999,0.00001
(8,2,16,2),K=64,6.0,GMI_svd,0.74989,0.00010
(8,2,16,2),K=64,6.0,GMI_glrt,0.75000,0.00000
(8,2,16,2),K=64,6.0,I_iid,0.75000,0.00000
(8,2,16,2),K=64,6.0,SER_genie,0.00000,
(8,2,16,2),K=64,6.0,SER_struct,0.00000,
(8,2,16,2),K=64,6.0,SER_svd,0.00025,
(8,2,16,2),K=64,6.0,SER_glrt,0.00000,
(8,2,16,2),K=64,6.0,SER_iid,0.00000,
(8,2,16,2),K=64,8.0,I_genie,0.75000,0.00000
(8,2,16,2),K=64,8.0,I_struct,0.75000,0.00000
(8,2,16,2),K=64,8.0,GMI_svd,0.75000,0.00000
(8,2,16,2),K=64,8.0,GMI_glrt,0.75000,0.00000
(8,2,16,2),K=64,8.0,I_iid,0.75000,0.00000
(8,2,16,2),K=64,8.0,SER_genie,0.00000,
(8,2,16,2),K=64,8.0,SER_struct,0.00000,
(8,2,16,2),K=64,8.0,SER_svd,0.00000,
(8,2,16,2),K=64,8.0,SER_glrt,0.00000,
(8,2,16,2),K=64,8.0,SER_iid,0.00000,
(8,2,16,2),K=64,10.0,I_genie,0.75000,0.00000
(8,2,16,2),K=64,10.0,I_struct,0.75000,0.00000
(8,2,16,2),K=64,10.0,GMI_svd,0.75000,0.00000
(8,2,16,2),K=64,10.0,GMI_glrt,0.75000,0.00000
(8,2,16,2),K=64,10.0,I_iid,0.75000,0.00000
(8,2,16,2),K=64,10.0,SER_genie,0.00000,
(8,2,16,2),K=64,10.0,SER_struct,0.00000,
(8,2,16,2),K=64,10.0,SER_svd,0.00000,
(8,2,16,2),K=64,10.0,SER_glrt,0.00000,
(8,2,16,2),K=64,10.0,SER_iid,0.00000,
(8,2,16,2),K=64,12.0,I_genie,0.75000,0.00000
(8,2,16,2),K=64,12.0,I_struct,0.75000,0.00000
(8,2,16,2),K=64,12.0,GMI_svd,0.75000,0.00000
(8,2,16,2),K=64,12.0,GMI_glrt,0.75000,0.00000
(8,2,16,2),K=64,12.0,I_iid,0.75000,0.00000
(8,2,16,2),K=64,12.0,SER_genie,0.00000,
(8,2,16,2),K=64,12.0,SER_struct,0.00000,
(8,2,16,2),K=64,12.0,SER_svd,0.00000,
(8,2,16,2),K=64,12.0,SER_glrt,0.00000,
(8,2,16,2),K=64,12.0,SER_iid,0.00000,
(8,2,16,2),K=64,14.0,I_genie,0.75000,0.00000
(8,2,16,2),K=64,14.0,I_struct,0.75000,0.00000
(8,2,16,2),K=64,14.0,GMI_svd,0.75000,0.00000
(8,2,16,2),K=64,14.0,GMI_glrt,0.75000,0.00000
(8,2,16,2),K=64,14.0,I_iid,0.75000,0.00000
(8,2,16,2),K=64,14.0,SER_genie,0.00000,
(8,2,16,2),K=64,14.0,SER_struct,0.00000,
(8,2,16,2),K=64,14.0,SER_svd,0.00000,
(8,2,16,2),K=64,14.0,SER_glrt,0.00000,
(8,2,16,2),K=64,14.0,SER_iid,0.00000,
(8,2,16,2),K=64,16.0,I_genie,0.75000,0.00000
(8,2,16,2),K=64,16.0,I_struct,0.75000,0.00000
(8,2,16,2),K=64,16.0,GMI_svd,0.75000,0.00000
(8,2,16,2),K=64,16.0,GMI_glrt,0.75000,0.00000
(8,2,16,2),K=64,16.0,I_iid,0.75000,0.00000
(8,2,16,2),K=64,16.0,SER_genie,0.00000,
(8,2,16,2),K=64,16.0,SER_struct,0.00000,
(8,2,16,2),K=64,16.0,SER_svd,0.00000,
(8,2,16,2),K=64,16.0,SER_glrt,0.00000,
(8,2,16,2),K=64,16.0,SER_iid,0.00000,
(8,2,16,2),K=64,18.0,I_genie,0.75000,0.00000
(8,2,16,2),K=64,18.0,I_struct,0.75000,0.00000
(8,2,16,2),K=64,18.0,GMI_svd,0.75000,0.00000
(8,2,16,2),K=64,18.0,GMI_glrt,0.75000,0.00000
(8,2,16,2),K=64,18.0,I_iid,0.75000,0.00000
(8,2,16,2),K=64,18.0,SER_genie,0.00000,
(8,2,16,2),K=64,18.0,SER_struct,0.00000,
(8,2,16,2),K=64,18.0,SER_svd,0.00000,
(8,2,16,2),K=64,18.0,SER_glrt,0.00000,
(8,2,16,2),K=64,18.0,SER_iid,0.00000,
(8,2,16,2),K=64,20.0,I_genie,0.75000,0.00000
(8,2,16,2),K=64,20.0,I_struct,0.75000,0.00000
(8,2,16,2),K=64,20.0,GMI_svd,0.75000,0.00000
(8,2,16,2),K=64,20.0,GMI_glrt,0.75000,0.00000
(8,2,16,2),K=64,20.0,I_iid,0.75000,0.00000
(8,2,16,2),K=64,20.0,SER_genie,0.00000,
(8,2,16,2),K=64,20.0,SER_struct,0.00000,
(8,2,16,2),K=64,20.0,SER_svd,0.00000,
(8,2,16,2),K=64,20.0,SER_glrt,0.00000,
(8,2,16,2),K=64,20.0,SER_iid,0.00000,
(8,2,16,2),K=1024,-10.0,I_genie,0.58383,0.01006
(8,2,16,2),K=1024,-10.0,I_struct,0.25834,0.00776
(8,2,16,2),K=1024,-10.0,GMI_svd,0.21083,0.00700
(8,2,16,2),K=1024,-10.0,GMI_glrt,0.22952,0.00675
(8,2,16,2),K=1024,-10.0,I_iid,0.24640,0.00688
(8,2,16,2),K=1024,-10.0,SER_genie,0.71400,
(8,2,16,2),K=1024,-10.0,SER_struct,0.91350,
(8,2,16,2),K=1024,-10.0,SER_svd,0.94100,
(8,2,16,2),K=1024,-10.0,SER_glrt,0.92750,
(8,2,16,2),K=1024,-10.0,SER_iid,0.93200,
(8,2,16,2),K=1024,-8.0,I_genie,0.83887,0.00940
(8,2,16,2),K=1024,-8.0,I_struct,0.49577,0.01001
(8,2,16,2),K=1024,-8.0,GMI_svd,0.41951,0.00990
(8,2,16,2),K=1024,-8.0,GMI_glrt,0.45294,0.00961
(8,2,16,2),K=1024,-8.0,I_iid,0.51843,0.00876
(8,2,16,2),K=1024,-8.0,SER_genie,0.49500,
(8,2,16,2),K=1024,-8.0,SER_struct,0.75950,
(8,2,16,2),K=1024,-8.0,SER_svd,0.82300,
(8,2,16,2),K=1024,-8.0,SER_glrt,0.79150,
(8,2,16,2),K=1024,-8.0,SER_iid,0.79700,
(8,2,16,2),K=1024,-6.0,I_genie,1.04304,0.00750
(8,2,16,2),K=1024,-6.0,I_struct,0.77251,0.01034
(8,2,16,2),K=1024,-6.0,GMI_svd,0.67918,0.01020
(8,2,16,2),K=1024,-6.0,GMI_glrt,0.71772,0.00979
(8,2,16,2),K=1024,-6.0,I_iid,0.88983,0.00883
(8,2,16,2),K=1024,-6.0,SER_genie,0.26600,
(8,2,16,2),K=1024,-6.0,SER_struct,0.54200,
(8,2,16,2),K=1024,-6.0,SER_svd,0.63250,
(8,2,16,2),K=1024,-6.0,SER_glrt,0.58600,
(8,2,16,2),K=1024,-6.0,SER_iid,0.44950,
(8,2,16,2),K=1024,-4.0,I_genie,1.16798,0.00510
(8,2,16,2),K=1024,-4.0,I_struct,1.02254,0.00846
(8,2,16,2),K=1024,-4.0,GMI_svd,0.93863,0.00873
(8,2,16,2),K=1024,-4.0,GMI_glrt,0.98361,0.00914
(8,2,16,2),K=1024,-4.0,I_iid,1.16599,0.00491
(8,2,16,2),K=1024,-4.0,SER_genie,0.11400,
(8,2,16,2),K=1024,-4.0,SER_struct,0.28100,
(8,2,16,2),K=1024,-4.0,SER_svd,0.37350,
(8,2,16,2),K=1024,-4.0,SER_glrt,0.31900,
(8,2,16,2),K=1024,-4.0,SER_iid,0.12700,
(8,2,16,2),K=1024,-2.0,I_genie,1.21965,0.00331
(8,2,16,2),K=1024,-2.0,I_struct,1.15916,0.00594
(8,2,16,2),K=1024,-2.0,GMI_svd,1.11526,0.00723
(8,2,16,2),K=1024,-2.0,GMI_glrt,1.13666,0.00663
(8,2,16,2),K=1024,-2.0,I_iid,1.24430,0.00140
(8,2,16,2),K=1024,-2.0,SER_genie,0.04000,
(8,2,16,2),K=1024,-2.0,SER_struct,0.11000,
(8,2,16,2),K=1024,-2.0,SER_svd,0.16150,
(8,2,16,2),K=1024,-2.0,SER_glrt,0.13650,
(8,2,16,2),K=1024,-2.0,SER_iid,0.00900,
(8,2,16,2),K=1024,0.0,I_genie,1.24262,0.00164
(8,2,16,2),K=1024,0.0,I_struct,1.22741,0.00286
(8,2,16,2),K=1024,0.0,GMI_svd,1.20839,0.00367
(8,2,16,2),K=1024,0.0,GMI_glrt,1.21911,0.00316
(8,2,16,2),K=1024,0.0,I_iid,1.25000,0.00000
(8,2,16,2),K=1024,0.0,SER_genie,0.01100,
(8,2,16,2),K=1024,0.0,SER_struct,0.03100,
(8,2,16,2),K=1024,0.0,SER_svd,0.05650,
(8,2,16,2),K=1024,0.0,SER_glrt,0.04450,
(8,2,16,2),K=1024,0.0,SER_iid,0.00000,
(8,2,16,2),K=1024,2.0,I_genie,1.24923,0.00045
(8,2,16,2),K=1024,2.0,I_struct,1.24579,0.00117
(8,2,16,2),K=1024,2.0,GMI_svd,1.24063,0.00162
(8,2,16,2),K=1024,2.0,GMI_glrt,1.24364,0.00159
(8,2,16,2),K=1024,2.0,I_iid,1.25000,0.00000
(8,2,16,2),K=1024,2.0,SER_genie,0.00100,
(8,2,16,2),K=1024,2.0,SER_struct,0.00600,
(8,2,16,2),K=1024,2.0,SER_svd,0.01650,
(8,2,16,2),K=1024,2.0,SER_glrt,0.01000,
(8,2,16,2),K=1024,2.0,SER_iid,0.00000,
(8,2,16,2),K=1024,4.0,I_genie,1.24987,0.00008
(8,2,16,2),K=1024,4.0,I_struct,1.24910,0.00040
(8,2,16,2),K=1024,4.0,GMI_svd,1.24732,0.00081
(8,2,16,2),K=1024,4.0,GMI_glrt,1.24864,0.00054
(8,2,16,2),K=1024,4.0,I_iid,1.25000,0.00000
(8,2,16,2),K=1024,4.0,SER_genie,0.00000,
(8,2,16,2),K=1024,4.0,SER_struct,0.00200,
(8,2,16,2),K=1024,4.0,SER_svd,0.00450,
(8,2,16,2),K=1024,4.0,SER_glrt,0.00250,
(8,2,16,2),K=1024,4.0,SER_iid,0.00000,
(8,2,16,2),K=1024,6.0,I_genie,1.24960,0.00039
(8,2,16,2),K=1024,6.0,I_struct,1.24938,0.00039
(8,2,16,2),K=1024,6.0,GMI_svd,1.24902,0.00057
(8,2,16,2),K=1024,6.0,GMI_glrt,1.24936,0.00040
(8,2,16,2),K=1024,6.0,I_iid,1.25000,0.00000
(8,2,16,2),K=1024,6.0,SER_genie,0.00050,
(8,2,16,2),K=1024,6.0,SER_struct,0.00100,
(8,2,16,2),K=1024,6.0,SER_svd,0.00100,
(8,2,16,2),K=1024,6.0,SER_glrt,0.00100,
(8,2,16,2),K=1024,6.0,SER_iid,0.00000,
(8,2,16,2),K=1024,8.0,I_genie,1.25000,0.00000
(8,2,16,2),K=1024,8.0,I_struct,1.25000,0.00000
(8,2,16,2),K=1024,8.0,GMI_svd,1.25000,0.00000
(8,2,16,2),K=1024,8.0,GMI_glrt,1.25000,0.00000
(8,2,16,2),K=1024,8.0,I_iid,1.25000,0.00000
(8,2,16,2),K=1024,8.0,SER_genie,0.00000,
(8,2,16,2),K=1024,8.0,SER_struct,0.00000,
(8,2,16,2),K=1024,8.0,SER_svd,0.00000,
(8,2,16,2),K=1024,8.0,SER_glrt,0.00000,
(8,2,16,2),K=1024,8.0,SER_iid,0.00000,
(8,2,16,2),K=1024,10.0,I_genie,1.25000,0.00000
(8,2,16,2),K=1024,10.0,I_struct,1.25000,0.00000
(8,2,16,2),K=1024,10.0,GMI_svd,1.25000,0.00000
(8,2,16,2),K=1024,10.0,GMI_glrt,1.25000,0.00000
(8,2,16,2),K=1024,10.0,I_iid,1.25000,0.00000
(8,2,16,2),K=1024,10.0,SER_genie,0.00000,
(8,2,16,2),K=1024,10.0,SER_struct,0.00000,
(8,2,16,2),K=1024,10.0,SER_svd,0.00000,
(8,2,16,2),K=1024,10.0,SER_glrt,0.00000,
(8,2,16,2),K=1024,10.0,SER_iid,0.00000,
(8,2,16,2),K=1024,12.0,I_genie,1.25000,0.00000
(8,2,16,2),K=1024,12.0,I_struct,1.25000,0.00000
(8,2,16,2),K=1024,12.0,GMI_svd,1.25000,0.00000
(8,2,16,2),K=1024,12.0,GMI_glrt,1.25000,0.00000
(8,2,16,2),K=1024,12.0,I_iid,1.25000,0.00000
(8,2,16,2),K=1024,12.0,SER_genie,0.00000,
(8,2,16,2),K=1024,12.0,SER_struct,0.00000,
(8,2,16,2),K=1024,12.0,SER_svd,0.00000,
(8,2,16,2),K=1024,12.0,SER_glrt,0.00000,
(8,2,16,2),K=1024,12.0,SER_iid,0.00000,
(8,2,16,2),K=1024,14.0,I_genie,1.25000,0.00000
(8,2,16,2),K=1024,14.0,I_struct,1.25000,0.00000
(8,2,16,2),K=1024,14.0,GMI_svd,1.25000,0.00000
(8,2,16,2),K=1024,14.0,GMI_glrt,1.25000,0.00000
(8,2,16,2),K=1024,14.0,I_iid,1.25000,0.00000
(8,2,16,2),K=1024,14.0,SER_genie,0.00000,
(8,2,16,2),K=1024,14.0,SER_struct,0.00000,
(8,2,16,2),K=1024,14.0,SER_svd,0.00000,
(8,2,16,2),K=1024,14.0,SER_glrt,0.00000,
(8,2,16,2),K=1024,14.0,SER_iid,0.00000,
(8,2,16,2),K=1024,16.0,I_genie,1.25000,0.00000
(8,2,16,2),K=1024,16.0,I_struct,1.25000,0.00000
(8,2,16,2),K=1024,16.0,GMI_svd,1.25000,0.00000
(8,2,16,2),K=1024,16.0,GMI_glrt,1.25000,0.00000
(8,2,16,2),K=1024,16.0,I_iid,1.25000,0.00000
(8,2,16,2),K=1024,16.0,SER_genie,0.00000,
(8,2,16,2),K=1024,16.0,SER_struct,0.00000,
(8,2,16,2),K=1024,16.0,SER_svd,0.00000,
(8,2,16,2),K=1024,16.0,SER_glrt,0.00000,
(8,2,16,2),K=1024,16.0,SER_iid,0.00000,
(8,2,16,2),K=1024,18.0,I_genie,1.25000,0.00000
(8,2,16,2),K=1024,18.0,I_struct,1.25000,0.00000
(8,2,16,2),K=1024,18.0,GMI_svd,1.25000,0.00000
(8,2,16,2),K=1024,18.0,GMI_glrt,1.25000,0.00000
(8,2,16,2),K=1024,18.0,I_iid,1.25000,0.00000
(8,2,16,2),K=1024,18.0,SER_genie,0.00000,
(8,2,16,2),K=1024,18.0,SER_struct,0.00000,
(8,2,16,2),K=1024,18.0,SER_svd,0.00000,
(8,2,16,2),K=1024,18.0,SER_glrt,0.00000,
(8,2,16,2),K=1024,18.0,SER_iid,0.00000,
(8,2,16,2),K=1024,20.0,I_genie,1.25000,0.00000
(8,2,16,2),K=1024,20.0,I_struct,1.25000,0.00000
(8,2,16,2),K=1024,20.0,GMI_svd,1.25000,0.00000
(8,2,16,2),K=1024,20.0,GMI_glrt,1.25000,0.00000
(8,2,16,2),K=1024,20.0,I_iid,1.25000,0.00000
(8,2,16,2),K=1024,20.0,SER_genie,0.00000,
(8,2,16,2),K=1024,20.0,SER_struct,0.00000,
(8,2,16,2),K=1024,20.0,SER_svd,0.00000,
(8,2,16,2),K=1024,20.0,SER_glrt,0.00000,
(8,2,16,2),K=1024,20.0,SER_iid,0.00000,
(8,2,16,2),K=8192,-10.0,I_genie,0.57309,0.02176
(8,2,16,2),K=8192,-10.0,I_struct,0.24706,0.01556
(8,2,16,2),K=8192,-10.0,GMI_svd,0.19732,0.01348
(8,2,16,2),K=8192,-10.0,GMI_glrt,0.22360,0.01292
(8,2,16,2),K=8192,-10.0,I_iid,0.26304,0.01318
(8,2,16,2),K=8192,-10.0,SER_genie,0.88000,
(8,2,16,2),K=8192,-10.0,SER_struct,0.98000,
(8,2,16,2),K=8192,-10.0,SER_svd,0.98600,
(8,2,16,2),K=8192,-10.0,SER_glrt,0.98600,
(8,2,16,2),K=8192,-10.0,SER_iid,0.98200,
(8,2,16,2),K=8192,-8.0,I_genie,0.91155,0.02421
(8,2,16,2),K=8192,-8.0,I_struct,0.51554,0.02108
(8,2,16,2),K=8192,-8.0,GMI_svd,0.44155,0.02081
(8,2,16,2),K=8192,-8.0,GMI_glrt,0.46950,0.01994
(8,2,16,2),K=8192,-8.0,I_iid,0.54535,0.01877
(8,2,16,2),K=8192,-8.0,SER_genie,0.69000,
(8,2,16,2),K=8192,-8.0,SER_struct,0.89800,
(8,2,16,2),K=8192,-8.0,SER_svd,0.92800,
(8,2,16,2),K=8192,-8.0,SER_glrt,0.91800,
(8,2,16,2),K=8192,-8.0,SER_iid,0.90400,
(8,2,16,2),K=8192,-6.0,I_genie,1.20164,0.02166
(8,2,16,2),K=8192,-6.0,I_struct,0.88573,0.02457
(8,2,16,2),K=8192,-6.0,GMI_svd,0.77061,0.02309
(8,2,16,2),K=8192,-6.0,GMI_glrt,0.82897,0.02593
(8,2,16,2),K=8192,-6.0,I_iid,1.03476,0.02102
(8,2,16,2),K=8192,-6.0,SER_genie,0.48800,
(8,2,16,2),K=8192,-6.0,SER_struct,0.70800,
(8,2,16,2),K=8192,-6.0,SER_svd,0.77400,
(8,2,16,2),K=8192,-6.0,SER_glrt,0.71400,
(8,2,16,2),K=8192,-6.0,SER_iid,0.65600,
(8,2,16,2),K=8192,-4.0,I_genie,1.46922,0.01363
(8,2,16,2),K=8192,-4.0,I_struct,1.24308,0.02152
(8,2,16,2),K=8192,-4.0,GMI_svd,1.10830,0.02440
(8,2,16,2),K=8192,-4.0,GMI_glrt,1.18863,0.02214
(8,2,16,2),K=8192,-4.0,I_iid,1.37373,0.01782
(8,2,16,2),K=8192,-4.0,SER_genie,0.20200,
(8,2,16,2),K=8192,-4.0,SER_struct,0.42600,
(8,2,16,2),K=8192,-4.0,SER_svd,0.55200,
(8,2,16,2),K=8192,-4.0,SER_glrt,0.47600,
(8,2,16,2),K=8192,-4.0,SER_iid,0.31000,
(8,2,16,2),K=8192,-2.0,I_genie,1.55122,0.01105
(8,2,16,2),K=8192,-2.0,I_struct,1.44280,0.01732
(8,2,16,2),K=8192,-2.0,GMI_svd,1.34668,0.02096
(8,2,16,2),K=8192,-2.0,GMI_glrt,1.40585,0.01791
(8,2,16,2),K=8192,-2.0,I_iid,1.61155,0.00338
(8,2,16,2),K=8192,-2.0,SER_genie,0.09000,
(8,2,16,2),K=8192,-2.0,SER_struct,0.19600,
(8,2,16,2),K=8192,-2.0,SER_svd,0.30800,
(8,2,16,2),K=8192,-2.0,SER_glrt,0.26000,
(8,2,16,2),K=8192,-2.0,SER_iid,0.02000,
(8,2,16,2),K=8192,0.0,I_genie,1.59898,0.00651
(8,2,16,2),K=8192,0.0,I_struct,1.55331,0.01112
(8,2,16,2),K=8192,0.0,GMI_svd,1.50644,0.01427
(8,2,16,2),K=8192,0.0,GMI_glrt,1.53299,0.01232
(8,2,16,2),K=8192,0.0,I_iid,1.62386,0.00111
(8,2,16,2),K=8192,0.0,SER_genie,0.03400,
(8,2,16,2),K=8192,0.0,SER_struct,0.07600,
(8,2,16,2),K=8192,0.0,SER_svd,0.13800,
(8,2,16,2),K=8192,0.0,SER_glrt,0.10000,
(8,2,16,2),K=8192,0.0,SER_iid,0.00200,
(16,2,32,2),USTM,-10.0,R_genie,1.58702,0.00508
(16,2,32,2),USTM,-10.0,GMI_svd,0.70311,0.00359
(16,2,32,2),USTM,-10.0,C_coh,2.26535,0.00508
(16,2,32,2),USTM,-10.0,I_U_given_X,2.19707,0.00751
(16,2,32,2),USTM,-8.0,R_genie,2.17588,0.00607
(16,2,32,2),USTM,-8.0,GMI_svd,1.17893,0.00512
(16,2,32,2),USTM,-8.0,C_coh,2.94189,0.00613
(16,2,32,2),USTM,-8.0,I_U_given_X,3.14457,0.00938
(16,2,32,2),USTM,-6.0,R_genie,2.87011,0.00695
(16,2,32,2),USTM,-6.0,GMI_svd,1.79902,0.00607
(16,2,32,2),USTM,-6.0,C_coh,3.72626,0.00714
(16,2,32,2),USTM,-6.0,I_U_given_X,4.32036,0.01119
(16,2,32,2),USTM,-4.0,R_genie,3.64534,0.00791
(16,2,32,2),USTM,-4.0,GMI_svd,2.55940,0.00816
(16,2,32,2),USTM,-4.0,C_coh,4.60770,0.00820
(16,2,32,2),USTM,-4.0,I_U_given_X,5.69406,0.01320
(16,2,32,2),USTM,-2.0,R_genie,4.49416,0.00887
(16,2,32,2),USTM,-2.0,GMI_svd,3.44149,0.00939
(16,2,32,2),USTM,-2.0,C_coh,5.57021,0.00931
(16,2,32,2),USTM,-2.0,I_U_given_X,7.25942,0.01522
(16,2,32,2),USTM,0.0,R_genie,5.42900,0.00966
(16,2,32,2),USTM,0.0,GMI_svd,4.47644,0.01158
(16,2,32,2),USTM,0.0,C_coh,6.61747,0.01026
(16,2,32,2),USTM,0.0,I_U_given_X,9.01073,0.01715
(16,2,32,2),USTM,2.0,R_genie,6.39328,0.01045
(16,2,32,2),USTM,2.0,GMI_svd,5.55090,0.01232
(16,2,32,2),USTM,2.0,C_coh,7.71199,0.01119
(16,2,32,2),USTM,2.0,I_U_given_X,10.89597,0.01907
(16,2,32,2),USTM,4.0,R_genie,7.41942,0.01112
(16,2,32,2),USTM,4.0,GMI_svd,6.73368,0.01409
(16,2,32,2),USTM,4.0,C_coh,8.87108,0.01196
(16,2,32,2),USTM,4.0,I_U_given_X,12.91638,0.02075
(16,2,32,2),USTM,6.0,R_genie,8.50073,0.01174
(16,2,32,2),USTM,6.0,GMI_svd,7.94637,0.01421
(16,2,32,2),USTM,6.0,C_coh,10.09466,0.01276
(16,2,32,2),USTM,6.0,I_U_given_X,15.08465,0.02249
(16,2,32,2),USTM,8.0,R_genie,9.56650,0.01215
(16,2,32,2),USTM,8.0,GMI_svd,9.15288,0.01536
(16,2,32,2),USTM,8.0,C_coh,11.31418,0.01320
(16,2,32,2),USTM,8.0,I_U_given_X,17.28851,0.02364
(16,2,32,2),USTM,10.0,R_genie,10.68063,0.01263
(16,2,32,2),USTM,10.0,GMI_svd,10.37212,0.01517
(16,2,32,2),USTM,10.0,C_coh,12.57395,0.01382
(16,2,32,2),USTM,10.0,I_U_given_X,19.58231,0.02509
(16,2,32,2),USTM,12.0,R_genie,11.79740,0.01291
(16,2,32,2),USTM,12.0,GMI_svd,11.56632,0.01482
(16,2,32,2),USTM,12.0,C_coh,13.84216,0.01415
(16,2,32,2),USTM,12.0,I_U_given_X,21.90625,0.02585
(16,2,32,2),USTM,14.0,R_genie,12.91940,0.01328
(16,2,32,2),USTM,14.0,GMI_svd,12.74800,0.01561
(16,2,32,2),USTM,14.0,C_coh,15.12963,0.01463
(16,2,32,2),USTM,14.0,I_U_given_X,24.27743,0.02700
(16,2,32,2),USTM,16.0,R_genie,14.10658,0.01341
(16,2,32,2),USTM,16.0,GMI_svd,13.99341,0.01510
(16,2,32,2),USTM,16.0,C_coh,16.48150,0.01475
(16,2,32,2),USTM,16.0,I_U_given_X,26.78078,0.02741
(16,2,32,2),USTM,18.0,R_genie,15.23714,0.01351
(16,2,32,2),USTM,18.0,GMI_svd,15.16110,0.01474
(16,2,32,2),USTM,18.0,C_coh,17.77727,0.01494
(16,2,32,2),USTM,18.0,I_U_given_X,29.19428,0.02799
(16,2,32,2),USTM,20.0,R_genie,16.37808,0.01363
(16,2,32,2),USTM,20.0,GMI_svd,16.32444,0.01458
(16,2,32,2),USTM,20.0,C_coh,19.07964,0.01507
(16,2,32,2),USTM,20.0,I_U_given_X,31.61752,0.02832
(16,2,32,2),K=64,-10.0,I_genie,0.36994,0.00061
(16,2,32,2),K=64,-10.0,I_struct,0.32562,0.00184
(16,2,32,2),K=64,-10.0,GMI_svd,0.30472,0.00209
(16,2,32,2),K=64,-10.0,GMI_glrt,0.31714,0.00201
(16,2,32,2),K=64,-10.0,I_iid,0.36528,0.00079
(16,2,32,2),K=64,-10.0,SER_genie,0.01425,
(16,2,32,2),K=64,-10.0,SER_struct,0.14325,
(16,2,32,2),K=64,-10.0,SER_svd,0.19175,
(16,2,32,2),K=64,-10.0,SER_glrt,0.16450,
(16,2,32,2),K=64,-10.0,SER_iid,0.03100,
(16,2,32,2),K=64,-8.0,I_genie,0.37423,0.00020
(16,2,32,2),K=64,-8.0,I_struct,0.36068,0.00100
(16,2,32,2),K=64,-8.0,GMI_svd,0.35332,0.00134
(16,2,32,2),K=64,-8.0,GMI_glrt,0.35816,0.00105
(16,2,32,2),K=64,-8.0,I_iid,0.37494,0.00003
(16,2,32,2),K=64,-8.0,SER_genie,0.00250,
(16,2,32,2),K=64,-8.0,SER_struct,0.04425,
(16,2,32,2),K=64,-8.0,SER_svd,0.05900,
(16,2,32,2),K=64,-8.0,SER_glrt,0.05050,
(16,2,32,2),K=64,-8.0,SER_iid,0.00025,
(16,2,32,2),K=64,-6.0,I_genie,0.37488,0.00008
(16,2,32,2),K=64,-6.0,I_struct,0.37226,0.00038
(16,2,32,2),K=64,-6.0,GMI_svd,0.37080,0.00056
(16,2,32,2),K=64,-6.0,GMI_glrt,0.37092,0.00054
(16,2,32,2),K=64,-6.0,I_iid,0.37500,0.00000
(16,2,32,2),K=64,-6.0,SER_genie,0.00025,
(16,2,32,2),K=64,-6.0,SER_struct,0.01000,
(16,2,32,2),K=64,-6.0,SER_svd,0.01375,
(16,2,32,2),K=64,-6.0,SER_glrt,0.01275,
(16,2,32,2),K=64,-6.0,SER_iid,0.00000,
(16,2,32,2),K=64,-4.0,I_genie,0.37500,0.00000
(16,2,32,2),K=64,-4.0,I_struct,0.37458,0.00013
(16,2,32,2),K=64,-4.0,GMI_svd,0.37394,0.00027
(16,2,32,2),K=64,-4.0,GMI_glrt,0.37448,0.00015
(16,2,32,2),K=64,-4.0,I_iid,0.37500,0.00000
(16,2,32,2),K=64,-4.0,SER_genie,0.00000,
(16,2,32,2),K=64,-4.0,SER_struct,0.00150,
(16,2,32,2),K=64,-4.0,SER_svd,0.00375,
(16,2,32,2),K=64,-4.0,SER_glrt,0.00200,
(16,2,32,2),K=64,-4.0,SER_iid,0.00000,
(16,2,32,2),K=64,-2.0,I_genie,0.37498,0.00001
(16,2,32,2),K=64,-2.0,I_struct,0.37475,0.00013
(16,2,32,2),K=64,-2.0,GMI_svd,0.37448,0.00021
(16,2,32,2),K=64,-2.0,GMI_glrt,0.37462,0.00018
(16,2,32,2),K=64,-2.0,I_iid,0.37500,0.00000
(16,2,32,2),K=64,-2.0,SER_genie,0.00000,
(16,2,32,2),K=64,-2.0,SER_struct,0.00075,
(16,2,32,2),K=64,-2.0,SER_svd,0.00125,
(16,2,32,2),K=64,-2.0,SER_glrt,0.00125,
(16,2,32,2),K=64,-2.0,SER_iid,0.00000,
(16,2,32,2),K=64,0.0,I_genie,0.37500,0.00000
(16,2,32,2),K=64,0.0,I_struct,0.37500,0.00000
(16,2,32,2),K=64,0.0,GMI_svd,0.37500,0.00000
(16,2,32,2),K=64,0.0,GMI_glrt,0.37500,0.00000
(16,2,32,2),K=64,0.0,I_iid,0.37500,0.00000
(16,2,32,2),K=64,0.0,SER_genie,0.00000,
(16,2,32,2),K=64,0.0,SER_struct,0.00000,
(16,2,32,2),K=64,0.0,SER_svd,0.00000,
(16,2,32,2),K=64,0.0,SER_glrt,0.00000,
(16,2,32,2),K=64,0.0,SER_iid,0.00000,
(16,2,32,2),K=64,2.0,I_genie,0.37500,0.00000
(16,2,32,2),K=64,2.0,I_struct,0.37500,0.00000
(16,2,32,2),K=64,2.0,GMI_svd,0.37500,0.00000
(16,2,32,2),K=64,2.0,GMI_glrt,0.37500,0.00000
(16,2,32,2),K=64,2.0,I_iid,0.37500,0.00000
(16,2,32,2),K=64,2.0,SER_genie,0.00000,
(16,2,32,2),K=64,2.0,SER_struct,0.00000,
(16,2,32,2),K=64,2.0,SER_svd,0.00000,
(16,2,32,2),K=64,2.0,SER_glrt,0.00000,
(16,2,32,2),K=64,2.0,SER_iid,0.00000,
(16,2,32,2),K=64,4.0,I_genie,0.37500,0.00000
(16,2,32,2),K=64,4.0,I_struct,0.37500,0.00000
(16,2,32,2),K=64,4.0,GMI_svd,0.37500,0.00000
(16,2,32,2),K=64,4.0,GMI_glrt,0.37500,0.00000
(16,2,32,2),K=64,4.0,I_iid,0.37500,0.00000
(16,2,32,2),K=64,4.0,SER_genie,0.00000,
(16,2,32,2),K=64,4.0,SER_struct,0.00000,
(16,2,32,2),K=64,4.0,SER_svd,0.00000,
(16,2,32,2),K=64,4.0,SER_glrt,0.00000,
(16,2,32,2),K=64,4.0,SER_iid,0.00000,
(16,2,32,2),K=64,6.0,I_genie,0.37500,0.00000
(16,2,32,2),K=64,6.0,I_struct,0.37500,0.00000
(16,2,32,2),K=64,6.0,GMI_svd,0.37500,0.00000
(16,2,32,2),K=64,6.0,GMI_glrt,0.37500,0.00000
(16,2,32,2),K=64,6.0,I_iid,0.37500,0.00000
(16,2,32,2),K=64,6.0,SER_genie,0.00000,
(16,2,32,2),K=64,6.0,SER_struct,0.00000,
(16,2,32,2),K=64,6.0,SER_svd,0.00000,
(16,2,32,2),K=64,6.0,SER_glrt,0.00000,
(16,2,32,2),K=64,6.0,SER_iid,0.00000,
(16,2,32,2),K=64,8.0,I_genie,0.37500,0.00000
(16,2,32,2),K=64,8.0,I_struct,0.37500,0.00000
(16,2,32,2),K=64,8.0,GMI_svd,0.37500,0.00000
(16,2,32,2),K=64,8.0,GMI_glrt,0.37500,0.00000
(16,2,32,2),K=64,8.0,I_iid,0.37500,0.00000
(16,2,32,2),K=64,8.0,SER_genie,0.00000,
(16,2,32,2),K=64,8.0,SER_struct,0.00000,
(16,2,32,2),K=64,8.0,SER_svd,0.00000,
(16,2,32,2),K=64,8.0,SER_glrt,0.00000,
(16,2,32,2),K=64,8.0,SER_iid,0.00000,
(16,2,32,2),K=64,10.0,I_genie,0.37500,0.00000
(16,2,32,2),K=64,10.0,I_struct,0.37500,0.00000
(16,2,32,2),K=64,10.0,GMI_svd,0.37500,0.00000
(16,2,32,2),K=64,10.0,GMI_glrt,0.37500,0.00000
(16,2,32,2),K=64,10.0,I_iid,0.37500,0.00000
(16,2,32,2),K=64,10.0,SER_genie,0.00000,
(16,2,32,2),K=64,10.0,SER_struct,0.00000,
(16,2,32,2),K=64,10.0,SER_svd,0.00000,
(16,2,32,2),K=64,10.0,SER_glrt,0.00000,
(16,2,32,2),K=64,10.0,SER_iid,0.00000,
(16,2,32,2),K=64,12.0,I_genie,0.37500,0.00000
(16,2,32,2),K=64,12.0,I_struct,0.37500,0.00000
(16,2,32,2),K=64,12.0,GMI_svd,0.37500,0.00000
(16,2,32,2),K=64,12.0,GMI_glrt,0.37500,0.00000
(16,2,32,2),K=64,12.0,I_iid,0.37500,0.00000
(16,2,32,2),K=64,12.0,SER_genie,0.00000,
(16,2,32,2),K=64,12.0,SER_struct,0.00000,
(16,2,32,2),K=64,12.0,SER_svd,0.00000,
(16,2,32,2),K=64,12.0,SER_glrt,0.00000,
(16,2,32,2),K=64,12.0,SER_iid,0.00000,
(16,2,32,2),K=64,14.0,I_genie,0.37500,0.00000
(16,2,32,2),K=64,14.0,I_struct,0.37500,0.00000
(16,2,32,2),K=64,14.0,GMI_svd,0.37500,0.00000
(16,2,32,2),K=64,14.0,GMI_glrt,0.37500,0.00000
(16,2,32,2),K=64,14.0,I_iid,0.37500,0.00000
(16,2,32,2),K=64,14.0,SER_genie,0.00000,
(16,2,32,2),K=64,14.0,SER_struct,0.00000,
(16,2,32,2),K=64,14.0,SER_svd,0.00000,
(16,2,32,2),K=64,14.0,SER_glrt,0.00000,
(16,2,32,2),K=64,14.0,SER_iid,0.00000,
(16,2,32,2),K=64,16.0,I_genie,0.37500,0.00000
(16,2,32,2),K=64,16.0,I_struct,0.37500,0.00000
(16,2,32,2),K=64,16.0,GMI_svd,0.37500,0.00000
(16,2,32,2),K=64,16.0,GMI_glrt,0.37500,0.00000
(16,2,32,2),K=64,16.0,I_iid,0.37500,0.00000
(16,2,32,2),K=64,16.0,SER_genie,0.00000,
(16,2,32,2),K=64,16.0,SER_struct,0.00000,
(16,2,32,2),K=64,16.0,SER_svd,0.00000,
(16,2,32,2),K=64,16.0,SER_glrt,0.00000,
(16,2,32,2),K=64,16.0,SER_iid,0.00000,
(16,2,32,2),K=64,18.0,I_genie,0.37500,0.00000
(16,2,32,2),K=64,18.0,I_struct,0.37500,0.00000
(16,2,32,2),K=64,18.0,GMI_svd,0.37500,0.00000
(16,2,32,2),K=64,18.0,GMI_glrt,0.37500,0.00000
(16,2,32,2),K=64,18.0,I_iid,0.37500,0.00000
(16,2,32,2),K=64,18.0,SER_genie,0.00000,
(16,2,32,2),K=64,18.0,SER_struct,0.00000,
(16,2,32,2),K=64,18.0,SER_svd,0.00000,
(16,2,32,2),K=64,18.0,SER_glrt,0.00000,
(16,2,32,2),K=64,18.0,SER_iid,0.00000,
(16,2,32,2),K=64,20.0,I_genie,0.37500,0.00000
(16,2,32,2),K=64,20.0,I_struct,0.37500,0.00000
(16,2,32,2),K=64,20.0,GMI_svd,0.37500,0.00000
(16,2,32,2),K=64,20.0,GMI_glrt,0.37500,0.00000
(16,2,32,2),K=64,20.0,I_iid,0.37500,0.00000
(16,2,32,2),K=64,20.0,SER_genie,0.00000,
(16,2,32,2),K=64,20.0,SER_struct,0.00000,
(16,2,32,2),K=64,20.0,SER_svd,0.00000,
(16,2,32,2),K=64,20.0,SER_glrt,0.00000,
(16,2,32,2),K=64,20.0,SER_iid,0.00000,
(16,2,32,2),K=1024,-10.0,I_genie,0.60791,0.00183
(16,2,32,2),K=1024,-10.0,I_struct,0.50241,0.00458
(16,2,32,2),K=1024,-10.0,GMI_svd,0.45803,0.00537
(16,2,32,2),K=1024,-10.0,GMI_glrt,0.48105,0.00472
(16,2,32,2),K=1024,-10.0,I_iid,0.57879,0.00260
(16,2,32,2),K=1024,-10.0,SER_genie,0.04100,
(16,2,32,2),K=1024,-10.0,SER_struct,0.27400,
(16,2,32,2),K=1024,-10.0,SER_svd,0.35700,
(16,2,32,2),K=1024,-10.0,SER_glrt,0.32000,
(16,2,32,2),K=1024,-10.0,SER_iid,0.13100,
(16,2,32,2),K=1024,-8.0,I_genie,0.62101,0.00084
(16,2,32,2),K=1024,-8.0,I_struct,0.58072,0.00298
(16,2,32,2),K=1024,-8.0,GMI_svd,0.55888,0.00370
(16,2,32,2),K=1024,-8.0,GMI_glrt,0.57093,0.00347
(16,2,32,2),K=1024,-8.0,I_iid,0.62313,0.00056
(16,2,32,2),K=1024,-8.0,SER_genie,0.00900,
(16,2,32,2),K=1024,-8.0,SER_struct,0.10250,
(16,2,32,2),K=1024,-8.0,SER_svd,0.15100,
(16,2,32,2),K=1024,-8.0,SER_glrt,0.12250,
(16,2,32,2),K=1024,-8.0,SER_iid,0.00450,
(16,2,32,2),K=1024,-6.0,I_genie,0.62350,0.00061
(16,2,32,2),K=1024,-6.0,I_struct,0.61168,0.00168
(16,2,32,2),K=1024,-6.0,GMI_svd,0.60406,0.00212
(16,2,32,2),K=1024,-6.0,GMI_glrt,0.60728,0.00202
(16,2,32,2),K=1024,-6.0,I_iid,0.62500,0.00000
(16,2,32,2),K=1024,-6.0,SER_genie,0.00300,
(16,2,32,2),K=1024,-6.0,SER_struct,0.02750,
(16,2,32,2),K=1024,-6.0,SER_svd,0.04500,
(16,2,32,2),K=1024,-6.0,SER_glrt,0.04100,
(16,2,32,2),K=1024,-6.0,SER_iid,0.00000,
(16,2,32,2),K=1024,-4.0,I_genie,0.62472,0.00016
(16,2,32,2),K=1024,-4.0,I_struct,0.62139,0.00085
(16,2,32,2),K=1024,-4.0,GMI_svd,0.61929,0.00114
(16,2,32,2),K=1024,-4.0,GMI_glrt,0.62052,0.00100
(16,2,32,2),K=1024,-4.0,I_iid,0.62500,0.00000
(16,2,32,2),K=1024,-4.0,SER_genie,0.00100,
(16,2,32,2),K=1024,-4.0,SER_struct,0.00850,
(16,2,32,2),K=1024,-4.0,SER_svd,0.01350,
(16,2,32,2),K=1024,-4.0,SER_glrt,0.01000,
(16,2,32,2),K=1024,-4.0,SER_iid,0.00000,
(16,2,32,2),K=1024,-2.0,I_genie,0.62500,0.00000
(16,2,32,2),K=1024,-2.0,I_struct,0.62500,0.00000
(16,2,32,2),K=1024,-2.0,GMI_svd,0.62500,0.00000
(16,2,32,2),K=1024,-2.0,GMI_glrt,0.62500,0.00000
(16,2,32,2),K=1024,-2.0,I_iid,0.62500,0.00000
(16,2,32,2),K=1024,-2.0,SER_genie,0.00000,
(16,2,32,2),K=1024,-2.0,SER_struct,0.00000,
(16,2,32,2),K=1024,-2.0,SER_svd,0.00000,
(16,2,32,2),K=1024,-2.0,SER_glrt,0.00000,
(16,2,32,2),K=1024,-2.0,SER_iid,0.00000,
(16,2,32,2),K=1024,0.0,I_genie,0.62500,0.00000
(16,2,32,2),K=1024,0.0,I_struct,0.62488,0.00012
(16,2,32,2),K=1024,0.0,GMI_svd,0.62484,0.00016
(16,2,32,2),K=1024,0.0,GMI_glrt,0.62484,0.00015
(16,2,32,2),K=1024,0.0,I_iid,0.62500,0.00000
(16,2,32,2),K=1024,0.0,SER_genie,0.00000,
(16,2,32,2),K=1024,0.0,SER_struct,0.00050,
(16,2,32,2),K=1024,0.0,SER_svd,0.00050,
(16,2,32,2),K=1024,0.0,SER_glrt,0.00050,
(16,2,32,2),K=1024,0.0,SER_iid,0.00000,
(16,2,32,2),K=1024,2.0,I_genie,0.62500,0.00000
(16,2,32,2),K=1024,2.0,I_struct,0.62499,0.00001
(16,2,32,2),K=1024,2.0,GMI_svd,0.62487,0.00013
(16,2,32,2),K=1024,2.0,GMI_glrt,0.62500,0.00000
(16,2,32,2),K=1024,2.0,I_iid,0.62500,0.00000
(16,2,32,2),K=1024,2.0,SER_genie,0.00000,
(16,2,32,2),K=1024,2.0,SER_struct,0.00000,
(16,2,32,2),K=1024,2.0,SER_svd,0.00050,
(16,2,32,2),K=1024,2.0,SER_glrt,0.00000,
(16,2,32,2),K=1024,2.0,SER_iid,0.00000,
(16,2,32,2),K=1024,4.0,I_genie,0.62500,0.00000
(16,2,32,2),K=1024,4.0,I_struct,0.62500,0.00000
(16,2,32,2),K=1024,4.0,GMI_svd,0.62500,0.00000
(16,2,32,2),K=1024,4.0,GMI_glrt,0.62500,0.00000
(16,2,32,2),K=1024,4.0,I_iid,0.62500,0.00000
(16,2,32,2),K=1024,4.0,SER_genie,0.00000,
(16,2,32,2),K=1024,4.0,SER_struct,0.00000,
(16,2,32,2),K=1024,4.0,SER_svd,0.00000,
(16,2,32,2),K=1024,4.0,SER_glrt,0.00000,
(16,2,32,2),K=1024,4.0,SER_iid,0.00000,
(16,2,32,2),K=1024,6.0,I_genie,0.62500,0.00000
(16,2,32,2),K=1024,6.0,I_struct,0.62500,0.00000
(16,2,32,2),K=1024,6.0,GMI_svd,0.62500,0.00000
(16,2,32,2),K=1024,6.0,GMI_glrt,0.62500,0.00000
(16,2,32,2),K=1024,6.0,I_iid,0.62500,0.00000
(16,2,32,2),K=1024,6.0,SER_genie,0.00000,
(16,2,32,2),K=1024,6.0,SER_struct,0.00000,
(16,2,32,2),K=1024,6.0,SER_svd,0.00000,
(16,2,32,2),K=1024,6.0,SER_glrt,0.00000,
(16,2,32,2),K=1024,6.0,SER_iid,0.00000,
(16,2,32,2),K=1024,8.0,I_genie,0.62500,0.00000
(16,2,32,2),K=1024,8.0,I_struct,0.62500,0.00000
(16,2,32,2),K=1024,8.0,GMI_svd,0.62500,0.00000
(16,2,32,2),K=1024,8.0,GMI_glrt,0.62500,0.00000
(16,2,32,2),K=1024,8.0,I_iid,0.62500,0.00000
(16,2,32,2),K=1024,8.0,SER_genie,0.00000,
(16,2,32,2),K=1024,8.0,SER_struct,0.00000,
(16,2,32,2),K=1024,8.0,SER_svd,0.00000,
(16,2,32,2),K=1024,8.0,SER_glrt,0.00000,
(16,2,32,2),K=1024,8.0,SER_iid,0.00000,
(16,2,32,2),K=1024,10.0,I_genie,0.62500,0.00000
(16,2,32,2),K=1024,10.0,I_struct,0.62500,0.00000
(16,2,32,2),K=1024,10.0,GMI_svd,0.62500,0.00000
(16,2,32,2),K=1024,10.0,GMI_glrt,0.62500,0.00000
(16,2,32,2),K=1024,10.0,I_iid,0.62500,0.00000
(16,2,32,2),K=1024,10.0,SER_genie,0.00000,
(16,2,32,2),K=1024,10.0,SER_struct,0.00000,
(16,2,32,2),K=1024,10.0,SER_svd,0.00000,
(16,2,32,2),K=1024,10.0,SER_glrt,0.00000,
(16,2,32,2),K=1024,10.0,SER_iid,0.00000,
(16,2,32,2),K=1024,12.0,I_genie,0.62500,0.00000
(16,2,32,2),K=1024,12.0,I_struct,0.62500,0.00000
(16,2,32,2),K=1024,12.0,GMI_svd,0.62500,0.00000
(16,2,32,2),K=1024,12.0,GMI_glrt,0.62500,0.00000
(16,2,32,2),K=1024,12.0,I_iid,0.62500,0.00000
(16,2,32,2),K=1024,12.0,SER_genie,0.00000,
(16,2,32,2),K=1024,12.0,SER_struct,0.00000,
(16,2,32,2),K=1024,12.0,SER_svd,0.00000,
(16,2,32,2),K=1024,12.0,SER_glrt,0.00000,
(16,2,32,2),K=1024,12.0,SER_iid,0.00000,
(16,2,32,2),K=1024,14.0,I_genie,0.62500,0.00000
(16,2,32,2),K=1024,14.0,I_struct,0.62500,0.00000
(16,2,32,2),K=1024,14.0,GMI_svd,0.62500,0.00000
(16,2,32,2),K=1024,14.0,GMI_glrt,0.62500,0.00000
(16,2,32,2),K=1024,14.0,I_iid,0.62500,0.00000
(16,2,32,2),K=1024,14.0,SER_genie,0.00000,
(16,2,32,2),K=1024,14.0,SER_struct,0.00000,
(16,2,32,2),K=1024,14.0,SER_svd,0.00000,
(16,2,32,2),K=1024,14.0,SER_glrt,0.00000,
(16,2,32,2),K=1024,14.0,SER_iid,0.00000,
(16,2,32,2),K=1024,16.0,I_genie,0.62500,0.00000
(16,2,32,2),K=1024,16.0,I_struct,0.62500,0.00000
(16,2,32,2),K=1024,16.0,GMI_svd,0.62500,0.00000
(16,2,32,2),K=1024,16.0,GMI_glrt,0.62500,0.00000
(16,2,32,2),K=1024,16.0,I_iid,0.62500,0.00000
(16,2,32,2),K=1024,16.0,SER_genie,0.00000,
(16,2,32,2),K=1024,16.0,SER_struct,0.00000,
(16,2,32,2),K=1024,16.0,SER_svd,0.00000,
(16,2,32,2),K=1024,16.0,SER_glrt,0.00000,
(16,2,32,2),K=1024,16.0,SER_iid,0.00000,
(16,2,32,2),K=1024,18.0,I_genie,0.62500,0.00000
(16,2,32,2),K=1024,18.0,I_struct,0.62500,0.00000
(16,2,32,2),K=1024,18.0,GMI_svd,0.62500,0.00000
(16,2,32,2),K=1024,18.0,GMI_glrt,0.62500,0.00000
(16,2,32,2),K=1024,18.0,I_iid,0.62500,0.00000
(16,2,32,2),K=1024,18.0,SER_genie,0.00000,
(16,2,32,2),K=1024,18.0,SER_struct,0.00000,
(16,2,32,2),K=1024,18.0,SER_svd,0.00000,
(16,2,32,2),K=1024,18.0,SER_glrt,0.00000,
(16,2,32,2),K=1024,18.0,SER_iid,0.00000,
(16,2,32,2),K=1024,20.0,I_genie,0.62500,0.00000
(16,2,32,2),K=1024,20.0,I_struct,0.62500,0.00000
(16,2,32,2),K=1024,20.0,GMI_svd,0.62500,0.00000
(16,2,32,2),K=1024,20.0,GMI_glrt,0.62500,0.00000
(16,2,32,2),K=1024,20.0,I_iid,0.62500,0.00000
(16,2,32,2),K=1024,20.0,SER_genie,0.00000,
(16,2,32,2),K=1024,20.0,SER_struct,0.00000,
(16,2,32,2),K=1024,20.0,SER_svd,0.00000,
(16,2,32,2),K=1024,20.0,SER_glrt,0.00000,
(16,2,32,2),K=1024,20.0,SER_iid,0.00000,
(16,2,32,2),K=8192,-10.0,I_genie,0.78095,0.00557
(16,2,32,2),K=8192,-10.0,I_struct,0.64346,0.01175
(16,2,32,2),K=8192,-10.0,GMI_svd,0.58512,0.01320
(16,2,32,2),K=8192,-10.0,GMI_glrt,0.60546,0.01322
(16,2,32,2),K=8192,-10.0,I_iid,0.69726,0.00899
(16,2,32,2),K=8192,-10.0,SER_genie,0.06600,
(16,2,32,2),K=8192,-10.0,SER_struct,0.31400,
(16,2,32,2),K=8192,-10.0,SER_svd,0.41200,
(16,2,32,2),K=8192,-10.0,SER_glrt,0.37800,
(16,2,32,2),K=8192,-10.0,SER_iid,0.27000,
(16,2,32,2),K=8192,-8.0,I_genie,0.80285,0.00253
(16,2,32,2),K=8192,-8.0,I_struct,0.73713,0.00849
(16,2,32,2),K=8192,-8.0,GMI_svd,0.69684,0.01048
(16,2,32,2),K=8192,-8.0,GMI_glrt,0.71413,0.00978
(16,2,32,2),K=8192,-8.0,I_iid,0.80989,0.00115
(16,2,32,2),K=8192,-8.0,SER_genie,0.02800,
(16,2,32,2),K=8192,-8.0,SER_struct,0.15000,
(16,2,32,2),K=8192,-8.0,SER_svd,0.20800,
(16,2,32,2),K=8192,-8.0,SER_glrt,0.19000,
(16,2,32,2),K=8192,-8.0,SER_iid,0.00800,
(16,2,32,2),K=8192,-6.0,I_genie,0.81105,0.00086
(16,2,32,2),K=8192,-6.0,I_struct,0.79078,0.00444
(16,2,32,2),K=8192,-6.0,GMI_svd,0.77911,0.00597
(16,2,32,2),K=8192,-6.0,GMI_glrt,0.78379,0.00516
(16,2,32,2),K=8192,-6.0,I_iid,0.81250,0.00000
(16,2,32,2),K=8192,-6.0,SER_genie,0.00400,
(16,2,32,2),K=8192,-6.0,SER_struct,0.05000,
(16,2,32,2),K=8192,-6.0,SER_svd,0.07200,
(16,2,32,2),K=8192,-6.0,SER_glrt,0.06400,
(16,2,32,2),K=8192,-6.0,SER_iid,0.00000,
(16,2,32,2),K=8192,-4.0,I_genie,0.81201,0.00038
(16,2,32,2),K=8192,-4.0,I_struct,0.80669,0.00213
(16,2,32,2),K=8192,-4.0,GMI_svd,0.80354,0.00293
(16,2,32,2),K=8192,-4.0,GMI_glrt,0.80562,0.00227
(16,2,32,2),K=8192,-4.0,I_iid,0.81250,0.00000
(16,2,32,2),K=8192,-4.0,SER_genie,0.00000,
(16,2,32,2),K=8192,-4.0,SER_struct,0.01400,
(16,2,32,2),K=8192,-4.0,SER_svd,0.01800,
(16,2,32,2),K=8192,-4.0,SER_glrt,0.01400,
(16,2,32,2),K=8192,-4.0,SER_iid,0.00000,
(16,2,32,2),K=8192,-2.0,I_genie,0.81250,0.00000
(16,2,32,2),K=8192,-2.0,I_struct,0.81168,0.00082
(16,2,32,2),K=8192,-2.0,GMI_svd,0.81131,0.00107
(16,2,32,2),K=8192,-2.0,GMI_glrt,0.81160,0.00072
(16,2,32,2),K=8192,-2.0,I_iid,0.81250,0.00000
(16,2,32,2),K=8192,-2.0,SER_genie,0.00000,
(16,2,32,2),K=8192,-2.0,SER_struct,0.00200,
(16,2,32,2),K=8192,-2.0,SER_svd,0.00200,
(16,2,32,2),K=8192,-2.0,SER_glrt,0.00200,
(16,2,32,2),K=8192,-2.0,SER_iid,0.00000,
(16,2,32,2),K=8192,0.0,I_genie,0.81250,0.00000
(16,2,32,2),K=8192,0.0,I_struct,0.81247,0.00002
(16,2,32,2),K=8192,0.0,GMI_svd,0.81250,0.00000
(16,2,32,2),K=8192,0.0,GMI_glrt,0.81250,0.00000
(16,2,32,2),K=8192,0.0,I_iid,0.81250,0.00000
(16,2,32,2),K=8192,0.0,SER_genie,0.00000,
(16,2,32,2),K=8192,0.0,SER_struct,0.00000,
(16,2,32,2),K=8192,0.0,SER_svd,0.00000,
(16,2,32,2),K=8192,0.0,SER_glrt,0.00000,
(16,2,32,2),K=8192,0.0,SER_iid,0.00000,
